{
  "ndcg@10_graded": 0.5328092388386045,
  "recall@5_graded": 0.3220954503875687,
  "p@1": 0.6510067114093959,
  "map@10": 0.6220585164217315,
  "zero_result_rate@10": 0.31543624161073824,
  "n_scored": 149,
  "ndcg@10_by_type": {
    "brand_as_generic": {
      "score": 0.4729761050441647,
      "n": 22
    },
    "exact_english": {
      "score": 0.7084535297373231,
      "n": 27
    },
    "hindi_hinglish": {
      "score": 0.5449218135160924,
      "n": 27
    },
    "misspelled": {
      "score": 0.7101862553325075,
      "n": 23
    },
    "part_number": {
      "score": 0.11154147569058563,
      "n": 23
    },
    "symptom": {
      "score": 0.6015640812817435,
      "n": 27
    }
  }
}