{
  "openai-3-large": {
    "ndcg@10_graded": 0.4683557441560083,
    "recall@5_graded": 0.29027032759997856,
    "p@1": 0.5503355704697986,
    "map@10": 0.47650962006726627,
    "zero_result_rate@10": 0.3288590604026846,
    "n_scored": 149,
    "ndcg@10_by_type": {
      "brand_as_generic": {
        "score": 0.4987963792806376,
        "n": 22
      },
      "exact_english": {
        "score": 0.4798196773380798,
        "n": 27
      },
      "hindi_hinglish": {
        "score": 0.5437553372743523,
        "n": 27
      },
      "misspelled": {
        "score": 0.5263770011618248,
        "n": 23
      },
      "part_number": {
        "score": 0.17782465112806167,
        "n": 23
      },
      "symptom": {
        "score": 0.554752671772894,
        "n": 27
      }
    }
  },
  "cohere-mult-v3": {
    "ndcg@10_graded": 0.3322019259543532,
    "recall@5_graded": 0.21788541462572095,
    "p@1": 0.4563758389261745,
    "map@10": 0.37930623616585585,
    "zero_result_rate@10": 0.3624161073825503,
    "n_scored": 149,
    "ndcg@10_by_type": {
      "brand_as_generic": {
        "score": 0.3685483929189383,
        "n": 22
      },
      "exact_english": {
        "score": 0.4131468871724022,
        "n": 27
      },
      "hindi_hinglish": {
        "score": 0.38007300801705635,
        "n": 27
      },
      "misspelled": {
        "score": 0.43247740057672385,
        "n": 23
      },
      "part_number": {
        "score": 0.06837605042811429,
        "n": 23
      },
      "symptom": {
        "score": 0.3130909548057526,
        "n": 27
      }
    }
  },
  "e5-large": {
    "ndcg@10_graded": 0.30932305318189346,
    "recall@5_graded": 0.22050457968158413,
    "p@1": 0.44966442953020136,
    "map@10": 0.36044488662977,
    "zero_result_rate@10": 0.3691275167785235,
    "n_scored": 149,
    "ndcg@10_by_type": {
      "brand_as_generic": {
        "score": 0.4102828113263378,
        "n": 22
      },
      "exact_english": {
        "score": 0.29561878653970647,
        "n": 27
      },
      "hindi_hinglish": {
        "score": 0.3819531662647843,
        "n": 27
      },
      "misspelled": {
        "score": 0.47410045240652976,
        "n": 23
      },
      "part_number": {
        "score": 0.046656980001603635,
        "n": 23
      },
      "symptom": {
        "score": 0.25152034828942144,
        "n": 27
      }
    }
  },
  "bge-m3": {
    "ndcg@10_graded": 0.30718031063253326,
    "recall@5_graded": 0.19433376489978912,
    "p@1": 0.40268456375838924,
    "map@10": 0.32837508940936555,
    "zero_result_rate@10": 0.35570469798657717,
    "n_scored": 149,
    "ndcg@10_by_type": {
      "brand_as_generic": {
        "score": 0.3110871478812193,
        "n": 22
      },
      "exact_english": {
        "score": 0.2873107397239602,
        "n": 27
      },
      "hindi_hinglish": {
        "score": 0.35975165695936906,
        "n": 27
      },
      "misspelled": {
        "score": 0.43855906149428553,
        "n": 23
      },
      "part_number": {
        "score": 0.056070592873904854,
        "n": 23
      },
      "symptom": {
        "score": 0.37328823222008767,
        "n": 27
      }
    }
  },
  "v3-ours": {
    "ndcg@10_graded": 0.4106011840108055,
    "recall@5_graded": 0.2396933832545947,
    "p@1": 0.5033557046979866,
    "map@10": 0.4390306386661053,
    "zero_result_rate@10": 0.348993288590604,
    "n_scored": 149,
    "ndcg@10_by_type": {
      "brand_as_generic": {
        "score": 0.3531677367422469,
        "n": 22
      },
      "exact_english": {
        "score": 0.5141219216530766,
        "n": 27
      },
      "hindi_hinglish": {
        "score": 0.43960707724998466,
        "n": 27
      },
      "misspelled": {
        "score": 0.5375113919085936,
        "n": 23
      },
      "part_number": {
        "score": 0.08380896170273584,
        "n": 23
      },
      "symptom": {
        "score": 0.49514204095693903,
        "n": 27
      }
    }
  },
  "v3+bm25-hybrid": {
    "ndcg@10_graded": 0.39981916121024064,
    "recall@5_graded": 0.24239377801823295,
    "p@1": 0.48322147651006714,
    "map@10": 0.4257810616167919,
    "zero_result_rate@10": 0.33557046979865773,
    "n_scored": 149,
    "ndcg@10_by_type": {
      "brand_as_generic": {
        "score": 0.3458949775364134,
        "n": 22
      },
      "exact_english": {
        "score": 0.4505896779610136,
        "n": 27
      },
      "hindi_hinglish": {
        "score": 0.4507877295583777,
        "n": 27
      },
      "misspelled": {
        "score": 0.524814675729977,
        "n": 23
      },
      "part_number": {
        "score": 0.12657892688459396,
        "n": 23
      },
      "symptom": {
        "score": 0.4683008389394836,
        "n": 27
      }
    }
  },
  "v3+bm25-hybrid-tuned": {
    "ndcg@10_graded": 0.4302464659042524,
    "recall@5_graded": 0.2574939770767045,
    "p@1": 0.5234899328859061,
    "map@10": 0.457701269359347,
    "zero_result_rate@10": 0.33557046979865773,
    "n_scored": 149,
    "ndcg@10_by_type": {
      "brand_as_generic": {
        "score": 0.41462063980505187,
        "n": 22
      },
      "exact_english": {
        "score": 0.5310696558598378,
        "n": 27
      },
      "hindi_hinglish": {
        "score": 0.46009759109026116,
        "n": 27
      },
      "misspelled": {
        "score": 0.5441065274157453,
        "n": 23
      },
      "part_number": {
        "score": 0.09914719846844364,
        "n": 23
      },
      "symptom": {
        "score": 0.49735992522346123,
        "n": 27
      }
    }
  }
}