{
  "openai-3-large": {
    "ndcg@10_graded": 0.538758497264181,
    "recall@5_graded": 0.48312090683911596,
    "p@1": 0.610738255033557,
    "map@10": 0.4658667772975459,
    "zero_result_rate@10": 0.1610738255033557,
    "n_scored": 149,
    "ndcg@10_by_type": {
      "brand_as_generic": {
        "score": 0.6010064090318659,
        "n": 22
      },
      "exact_english": {
        "score": 0.7323841660066349,
        "n": 27
      },
      "hindi_hinglish": {
        "score": 0.526114478246142,
        "n": 27
      },
      "misspelled": {
        "score": 0.5948463951136079,
        "n": 23
      },
      "part_number": {
        "score": 0.2524746869027159,
        "n": 23
      },
      "symptom": {
        "score": 0.5031491412022779,
        "n": 27
      }
    }
  },
  "cohere-mult-v3": {
    "ndcg@10_graded": 0.3954080492794331,
    "recall@5_graded": 0.3173997375591335,
    "p@1": 0.5906040268456376,
    "map@10": 0.46095804777292476,
    "zero_result_rate@10": 0.20134228187919462,
    "n_scored": 149,
    "ndcg@10_by_type": {
      "brand_as_generic": {
        "score": 0.3630571288503867,
        "n": 22
      },
      "exact_english": {
        "score": 0.608962994659935,
        "n": 27
      },
      "hindi_hinglish": {
        "score": 0.39315545344516745,
        "n": 27
      },
      "misspelled": {
        "score": 0.4998862225843717,
        "n": 23
      },
      "part_number": {
        "score": 0.09618032115484867,
        "n": 23
      },
      "symptom": {
        "score": 0.3763634778921184,
        "n": 27
      }
    }
  },
  "jina-v3": {
    "ndcg@10_graded": 0.38799171555845524,
    "recall@5_graded": 0.2996630456715232,
    "p@1": 0.5234899328859061,
    "map@10": 0.46350361695759584,
    "zero_result_rate@10": 0.2684563758389262,
    "n_scored": 149,
    "ndcg@10_by_type": {
      "brand_as_generic": {
        "score": 0.3740905950464432,
        "n": 22
      },
      "exact_english": {
        "score": 0.5450821763146463,
        "n": 27
      },
      "hindi_hinglish": {
        "score": 0.48346975653583724,
        "n": 27
      },
      "misspelled": {
        "score": 0.5213416997166863,
        "n": 23
      },
      "part_number": {
        "score": 0.07337713890984403,
        "n": 23
      },
      "symptom": {
        "score": 0.3011606315486973,
        "n": 27
      }
    }
  },
  "e5-large": {
    "ndcg@10_graded": 0.3559579753089112,
    "recall@5_graded": 0.3175494115343108,
    "p@1": 0.5234899328859061,
    "map@10": 0.4196806606062758,
    "zero_result_rate@10": 0.21476510067114093,
    "n_scored": 149,
    "ndcg@10_by_type": {
      "brand_as_generic": {
        "score": 0.34268375495353126,
        "n": 22
      },
      "exact_english": {
        "score": 0.49663844650314276,
        "n": 27
      },
      "hindi_hinglish": {
        "score": 0.35076484813637815,
        "n": 27
      },
      "misspelled": {
        "score": 0.5273641364434943,
        "n": 23
      },
      "part_number": {
        "score": 0.09884603007433955,
        "n": 23
      },
      "symptom": {
        "score": 0.3042952935878831,
        "n": 27
      }
    }
  },
  "bge-m3": {
    "ndcg@10_graded": 0.3692051130590338,
    "recall@5_graded": 0.34707336446430403,
    "p@1": 0.4899328859060403,
    "map@10": 0.3913143430377371,
    "zero_result_rate@10": 0.24161073825503357,
    "n_scored": 149,
    "ndcg@10_by_type": {
      "brand_as_generic": {
        "score": 0.32365544378729755,
        "n": 22
      },
      "exact_english": {
        "score": 0.5823011088934575,
        "n": 27
      },
      "hindi_hinglish": {
        "score": 0.3604017981044486,
        "n": 27
      },
      "misspelled": {
        "score": 0.5306545817137794,
        "n": 23
      },
      "part_number": {
        "score": 0.08197291949004415,
        "n": 23
      },
      "symptom": {
        "score": 0.3091752246608918,
        "n": 27
      }
    }
  },
  "v3-ours": {
    "ndcg@10_graded": 0.4773481782635014,
    "recall@5_graded": 0.378071962787611,
    "p@1": 0.6308724832214765,
    "map@10": 0.5047072329428913,
    "zero_result_rate@10": 0.21476510067114093,
    "n_scored": 149,
    "ndcg@10_by_type": {
      "brand_as_generic": {
        "score": 0.4360206465369721,
        "n": 22
      },
      "exact_english": {
        "score": 0.674539711743707,
        "n": 27
      },
      "hindi_hinglish": {
        "score": 0.54777160347954,
        "n": 27
      },
      "misspelled": {
        "score": 0.6365854433610173,
        "n": 23
      },
      "part_number": {
        "score": 0.10649613809246963,
        "n": 23
      },
      "symptom": {
        "score": 0.42367194270334996,
        "n": 27
      }
    }
  },
  "v3+bm25-hybrid": {
    "ndcg@10_graded": 0.4611298720741198,
    "recall@5_graded": 0.38941028859697174,
    "p@1": 0.5704697986577181,
    "map@10": 0.468070279565965,
    "zero_result_rate@10": 0.2080536912751678,
    "n_scored": 149,
    "ndcg@10_by_type": {
      "brand_as_generic": {
        "score": 0.42803066553704716,
        "n": 22
      },
      "exact_english": {
        "score": 0.6381796342997164,
        "n": 27
      },
      "hindi_hinglish": {
        "score": 0.5190649418858313,
        "n": 27
      },
      "misspelled": {
        "score": 0.6112990369725796,
        "n": 23
      },
      "part_number": {
        "score": 0.11658653936574499,
        "n": 23
      },
      "symptom": {
        "score": 0.4186927586828729,
        "n": 27
      }
    }
  }
}